Data,Time,more Informationthis is a test,2024-02-21 10:07:49,pressed number 1
this is a test,2024-02-21 10:07:50,pressed number 1
this is a test,2024-02-21 10:07:50,pressed number 1
this is a test,2024-02-22 20:04:54,pressed number 2
this is a test,2024-02-22 20:04:56,pressed number 3
this is a test,2024-02-22 20:04:59,pressed number 1
this is a test,2024-02-22 20:06:14,pressed number 1
this is a test,2024-02-22 20:06:15,pressed number 2
this is a test,2024-02-22 20:06:15,pressed number 3
this is a test,2024-02-22 20:06:28,pressed number 2
this is a test,2024-02-22 20:06:29,pressed number 2
this is a test,2024-02-22 20:06:29,pressed number 1
this is a test,2024-02-22 20:06:30,pressed number 1
this is a test,2024-02-22 20:06:30,pressed number 1
this is a test,2024-02-22 20:06:32,pressed number 1
this is a test,2024-02-22 20:06:32,pressed number 1
this is a test,2024-02-22 20:06:33,pressed number 3
this is a test,2024-02-22 20:06:33,pressed number 3
this is a test,2024-02-22 20:06:33,pressed number 3
this is a test,2024-02-22 20:09:56,pressed number 1
this is a test,2024-02-22 20:10:01,pressed number 2
this is a test,2024-02-22 20:13:30,pressed number 1
this is a test,2024-02-22 20:13:52,pressed number 2
this is a test,2024-02-22 20:13:56,pressed number 3
this is a test,2024-02-22 20:14:01,pressed number 3
this is a test,2024-02-22 20:14:38,pressed number 1
this is a test,2024-02-22 20:14:38,pressed number 1
this is a test,2024-02-22 20:14:38,pressed number 1
this is a test,2024-02-22 20:14:41,pressed number 3
this is a test,2024-02-22 20:14:43,pressed number 2
this is a test,2024-02-22 20:14:45,pressed number 1
this is a test,2024-02-22 20:14:47,pressed number 2
this is a test,2024-02-22 20:20:04,pressed number 2
this is a test,2024-02-22 20:20:05,pressed number 3
this is a test,2024-02-22 20:20:06,pressed number 1
this is a test,2024-02-22 20:20:06,pressed number 1
this is a test,2024-02-22 20:20:06,pressed number 1
this is a test,2024-02-22 20:20:06,pressed number 1
this is a test,2024-02-22 20:20:07,pressed number 2
this is a test,2024-02-22 20:20:07,pressed number 2
this is a test,2024-02-22 20:20:07,pressed number 2
this is a test,2024-02-22 20:20:07,pressed number 2
this is a test,2024-02-22 20:20:08,pressed number 3
this is a test,2024-02-22 20:20:08,pressed number 3
this is a test,2024-02-22 20:20:08,pressed number 3
this is a test,2024-02-22 20:20:08,pressed number 3
this is a test,2024-02-22 20:20:08,pressed number 3
this is a test,2024-02-22 20:20:09,pressed number 3
this is a test,2024-02-22 20:20:09,pressed number 3
this is a test,2024-02-22 20:20:09,pressed number 3
this is a test,2024-02-22 20:20:13,pressed number 1
this is a test,2024-02-22 20:20:14,pressed number 1
this is a test,2024-02-22 20:20:14,pressed number 1
this is a test,2024-02-22 20:20:14,pressed number 1
this is a test,2024-02-22 20:20:14,pressed number 1
this is a test,2024-02-22 20:20:14,pressed number 1
this is a test,2024-02-22 20:20:15,pressed number 2
this is a test,2024-02-22 20:20:15,pressed number 2
this is a test,2024-02-22 20:20:15,pressed number 2
this is a test,2024-02-22 20:20:15,pressed number 2
this is a test,2024-02-22 20:20:17,pressed number 3
this is a test,2024-02-22 20:20:17,pressed number 3
this is a test,2024-02-22 20:20:17,pressed number 3
this is a test,2024-02-22 20:20:19,pressed number 2
this is a test,2024-02-22 20:20:20,pressed number 2
this is a test,2024-02-22 20:20:20,pressed number 2
this is a test,2024-02-22 20:20:20,pressed number 1
this is a test,2024-02-22 20:20:21,pressed number 1
this is a test,2024-02-22 20:20:21,pressed number 1
this is a test,2024-02-22 20:20:21,pressed number 3
this is a test,2024-02-22 20:20:22,pressed number 3
this is a test,2024-02-22 20:20:22,pressed number 3
this is a test,2024-02-22 20:20:22,pressed number 3
this is a test,2024-02-22 20:20:22,pressed number 3
this is a test,2024-02-22 20:20:23,pressed number 2
this is a test,2024-02-22 20:20:23,pressed number 2
this is a test,2024-02-22 20:20:23,pressed number 2
this is a test,2024-02-22 20:20:23,pressed number 2
this is a test,2024-02-22 20:20:24,pressed number 1
this is a test,2024-02-22 20:20:24,pressed number 1
this is a test,2024-02-22 20:20:24,pressed number 1
this is a test,2024-02-22 20:20:24,pressed number 1
this is a test,2024-02-22 20:20:24,pressed number 1
this is a test,2024-02-22 22:02:05,pressed number 1
this is a test,2024-02-22 22:02:06,pressed number 2
this is a test,2024-02-22 22:02:07,pressed number 3
this is a test,2024-02-22 22:15:32,pressed number 2
this is a test,2024-02-22 22:15:33,pressed number 1
this is a test,2024-02-22 22:15:34,pressed number 3
this is a test,2024-02-22 22:15:34,pressed number 3
this is a test,2024-02-22 22:15:34,pressed number 3
this is a test,2024-02-22 22:15:34,pressed number 2
this is a test,2024-02-22 22:15:35,pressed number 2
this is a test,2024-02-22 22:15:35,pressed number 2
this is a test,2024-02-22 22:15:52,pressed number 3
this is a test,2024-02-22 22:15:52,pressed number 3
this is a test,2024-02-22 22:15:52,pressed number 3
this is a test,2024-02-22 22:15:53,pressed number 3
this is a test,2024-02-22 22:15:53,pressed number 3
this is a test,2024-02-22 22:15:53,pressed number 3
this is a test,2024-02-22 22:15:53,pressed number 3
this is a test,2024-02-22 22:16:09,pressed number 1
this is a test,2024-02-22 22:16:10,pressed number 2
this is a test,2024-02-22 22:16:10,pressed number 2
this is a test,2024-02-22 22:16:16,pressed number 2
this is a test,2024-02-22 22:16:16,pressed number 2
this is a test,2024-02-22 22:16:16,pressed number 2
this is a test,2024-02-22 22:16:17,pressed number 1
this is a test,2024-02-22 22:16:17,pressed number 1
this is a test,2024-02-22 22:16:17,pressed number 1
this is a test,2024-02-22 22:16:36,pressed number 3
this is a test,2024-02-22 22:16:36,pressed number 3
this is a test,2024-02-22 22:16:36,pressed number 3
this is a test,2024-02-22 22:16:37,pressed number 3
this is a test,2024-02-22 22:16:38,pressed number 3
this is a test,2024-02-22 22:16:38,pressed number 3
this is a test,2024-02-22 22:16:38,pressed number 2
this is a test,2024-02-22 22:16:38,pressed number 2
this is a test,2024-02-22 22:16:39,pressed number 2
this is a test,2024-02-22 22:16:45,pressed number 3
this is a test,2024-02-22 22:16:45,pressed number 3
this is a test,2024-02-22 22:16:45,pressed number 3
this is a test,2024-02-22 22:16:46,pressed number 3
this is a test,2024-02-22 22:16:46,pressed number 3
this is a test,2024-02-22 22:58:11,pressed number 1
this is a test,2024-02-22 22:58:13,pressed number 3
this is a test,2024-02-22 22:58:13,pressed number 3
this is a test,2024-02-22 22:58:14,pressed number 3
this is a test,2024-02-22 22:58:23,pressed number 3
this is a test,2024-02-22 22:58:23,pressed number 3
this is a test,2024-02-22 22:58:23,pressed number 3
this is a test,2024-02-22 22:58:24,pressed number 3
this is a test,2024-02-22 22:58:26,pressed number 3
this is a test,2024-02-22 22:58:26,pressed number 3
this is a test,2024-02-22 22:58:26,pressed number 3
this is a test,2024-02-22 22:58:27,pressed number 3
this is a test,2024-02-22 22:58:27,pressed number 3
this is a test,2024-02-22 23:03:04,pressed number 1
this is a test,2024-02-22 23:03:04,pressed number 1
this is a test,2024-02-22 23:03:05,pressed number 2
this is a test,2024-02-22 23:03:05,pressed number 2
this is a test,2024-02-22 23:03:05,pressed number 2
this is a test,2024-02-22 23:03:06,pressed number 3
this is a test,2024-02-22 23:03:06,pressed number 3
this is a test,2024-02-22 23:03:06,pressed number 3
this is a test,2024-02-22 23:03:11,pressed number 2
this is a test,2024-02-22 23:03:11,pressed number 2
this is a test,2024-02-22 23:03:12,pressed number 2
this is a test,2024-02-22 23:03:12,pressed number 2
this is a test,2024-02-22 23:03:12,pressed number 2
this is a test,2024-02-22 23:03:13,pressed number 1
this is a test,2024-02-22 23:03:13,pressed number 1
this is a test,2024-02-22 23:03:13,pressed number 1
this is a test,2024-02-22 23:03:14,pressed number 1
this is a test,2024-02-22 23:03:24,pressed number 3
this is a test,2024-02-22 23:03:24,pressed number 3
this is a test,2024-02-22 23:03:24,pressed number 3
this is a test,2024-02-22 23:03:24,pressed number 3
this is a test,2024-02-22 23:03:24,pressed number 3
this is a test,2024-02-23 15:13:42,pressed number 1
