Data, Time, moreInfo 
Update , 23/02/2024  5:46:12 , version information 
Updates , 23/02/2024  5:50:56 , Version is:  
Updates , 23/02/2024  5:51:55 , Version is:  
Updates , 23/02/2024  5:52:45 , Version is:  
Updates , 23/02/2024  5:55:29 , Version is: latest] 
Updates , 23/02/2024  5:56:51 , Version is: "latest]" 
Updates , 23/02/2024  5:57:30 , Version is: latest 
Updates , 23/02/2024  6:19:59 , Version is: latest 
Updates , 23/02/2024  6:25:00 , Version is: latest 
Updates , 23/02/2024  6:26:13 , Version is: latest 
Updates , 23/02/2024 14:56:22 , Version is: latest 
Updates , 25/02/2024 12:03:15 , Version is: latest 
