Data,Time,more Information
this is a gooood test,2024-02-23 06:11:36,pressed number 1
this is a gooood test,2024-02-23 06:11:43,pressed number 2
this is a gooood test,2024-02-23 06:11:44,pressed number 3
this is a gooood test,2024-02-23 06:26:30,pressed number 2
this is a gooood test,2024-02-23 06:37:07,pressed number 1
this is a gooood test,2024-02-23 06:37:07,pressed number 1
this is a gooood test,2024-02-23 06:37:08,pressed number 2
this is a gooood test,2024-02-23 06:37:08,pressed number 2
this is a gooood test,2024-02-23 06:37:08,pressed number 2
this is a gooood test,2024-02-23 06:37:09,pressed number 3
this is a gooood test,2024-02-23 06:37:09,pressed number 3
this is a gooood test,2024-02-23 06:37:10,pressed number 3
this is a gooood test,2024-02-23 06:37:10,pressed number 2
this is a gooood test,2024-02-23 06:37:11,pressed number 1
this is a gooood test,2024-02-23 06:37:11,pressed number 1
this is a gooood test,2024-02-23 06:37:11,pressed number 1
this is a gooood test,2024-02-23 06:37:12,pressed number 3
this is a gooood test,2024-02-23 06:37:12,pressed number 3
this is a gooood test,2024-02-23 06:37:13,pressed number 3
this is a gooood test,2024-02-23 06:37:13,pressed number 2
this is a gooood test,2024-02-23 06:45:56,pressed number 1
this is a gooood test,2024-02-23 06:45:56,pressed number 1
this is a gooood test,2024-02-23 14:55:09,pressed number 1
this is a gooood test,2024-02-23 14:55:10,pressed number 2
this is a gooood test,2024-02-23 14:55:11,pressed number 3
this is a gooood test,2024-02-23 14:55:11,pressed number 3
this is a gooood test,2024-02-23 14:55:11,pressed number 3
this is a gooood test,2024-02-23 14:55:11,pressed number 3
this is a gooood test,2024-02-23 14:58:20,pressed number 2
this is a gooood test,2024-02-23 14:58:21,pressed number 1
this is a gooood test,2024-02-23 14:58:22,pressed number 3
this is a gooood test,2024-02-23 14:58:22,pressed number 3
this is a gooood test,2024-02-23 15:41:41,pressed number 1
this is a gooood test,2024-02-23 15:41:42,pressed number 2
this is a gooood test,2024-02-23 15:41:43,pressed number 3
this is a gooood test,2024-02-23 15:41:45,pressed number 2
this is a gooood test,2024-02-23 15:46:12,pressed number 1
this is a gooood test,2024-02-23 15:46:13,pressed number 2
this is a gooood test,2024-02-23 15:46:13,pressed number 2
this is a gooood test,2024-02-23 15:46:14,pressed number 3
this is a gooood test,2024-02-23 15:46:14,pressed number 3
this is a gooood test,2024-02-23 15:46:15,pressed number 3
this is a gooood test,2024-02-23 15:46:17,pressed number 4
this is a gooood test,2024-02-23 15:46:17,pressed number 4
this is a gooood test,2024-02-23 15:46:17,pressed number 5
this is a gooood test,2024-02-23 15:46:17,pressed number 5
this is a gooood test,2024-02-23 15:50:48,pressed number 6
this is a gooood test,2024-02-23 15:50:48,pressed number 6
this is a gooood test,2024-02-23 15:50:49,pressed number 6
this is a gooood test,2024-02-23 15:50:49,pressed number 6
this is a gooood test,2024-02-23 16:00:37,pressed number 4
this is a gooood test,2024-02-23 16:00:39,pressed number 5
this is a gooood test,2024-02-23 16:00:39,pressed number 6
this is a gooood test,2024-02-23 16:03:07,pressed number 4
this is a gooood test,2024-02-23 16:07:52,pressed number 4
this is a gooood test,2024-02-23 16:07:53,pressed number 5
this is a gooood test,2024-02-23 16:10:58,pressed number 4
this is a gooood test,2024-02-23 16:10:58,pressed number 5
this is a gooood test,2024-02-23 16:10:59,pressed number 6
this is a gooood test,2024-02-23 16:22:33,pressed number 4
this is a gooood test,2024-02-23 16:22:33,pressed number 4
this is a gooood test,2024-02-23 16:22:33,pressed number 4
this is a gooood test,2024-02-23 16:24:58,pressed number 4
this is a gooood test,2024-02-23 16:24:58,pressed number 5
this is a gooood test,2024-02-23 16:24:59,pressed number 5
this is a gooood test,2024-02-23 16:24:59,pressed number 6
this is a gooood test,2024-02-23 16:24:59,pressed number 6
this is a gooood test,2024-02-23 16:29:32,pressed number 4
this is a gooood test,2024-02-23 16:29:32,pressed number 4
this is a gooood test,2024-02-23 16:29:33,pressed number 5
this is a gooood test,2024-02-23 16:29:33,pressed number 5
this is a gooood test,2024-02-23 16:29:34,pressed number 6
this is a gooood test,2024-02-23 16:29:34,pressed number 6
this is a gooood test,2024-02-23 16:31:47,pressed number 4
this is a gooood test,2024-02-23 16:31:48,pressed number 5
this is a gooood test,2024-02-23 16:31:49,pressed number 6
this is a gooood test,2024-02-23 16:35:34,pressed number 1
this is a gooood test,2024-02-23 16:35:35,pressed number 1
this is a gooood test,2024-02-23 16:35:50,pressed number 1
this is a gooood test,2024-02-23 16:35:51,pressed number 1
this is a gooood test,2024-02-23 16:35:51,pressed number 1
this is a gooood test,2024-02-23 16:35:52,pressed number 1
this is a gooood test,2024-02-23 16:35:53,pressed number 2
this is a gooood test,2024-02-23 16:35:53,pressed number 2
this is a gooood test,2024-02-23 16:40:13,pressed number 5
this is a gooood test,2024-02-23 16:42:00,pressed number 4
this is a gooood test,2024-02-23 16:43:27,pressed number 1
this is a gooood test,2024-02-23 16:43:27,pressed number 1
this is a gooood test,2024-02-24 13:01:47,pressed number 4
this is a gooood test,2024-02-24 13:01:48,pressed number 4
this is a gooood test,2024-02-24 13:01:48,pressed number 4
this is a gooood test,2024-02-24 13:05:48,pressed number 4
